ArtistName,AlbumName,TrackName
Arctic Monkeys,Favourite Worst Nightmare,505
Arctic Monkeys,Favourite Worst Nightmare,Balaclava
Arctic Monkeys,Favourite Worst Nightmare,Brianstorm
Arctic Monkeys,Favourite Worst Nightmare,D Is For Dangerous
Arctic Monkeys,Favourite Worst Nightmare,Do Me A Favour
Arctic Monkeys,Favourite Worst Nightmare,Fluorescent Adolescent
Arctic Monkeys,Favourite Worst Nightmare,If You Were There Beware
Arctic Monkeys,Favourite Worst Nightmare,Old Yellow Bricks
Arctic Monkeys,Favourite Worst Nightmare,Only Ones Who Know
Arctic Monkeys,Favourite Worst Nightmare,Teddy Picker
Arctic Monkeys,Favourite Worst Nightmare,The Bad Thing
Arctic Monkeys,Favourite Worst Nightmare,This House Is a Circus
Arctic Monkeys,Whatever People Say I Am That's What I'm Not,A Certain Romance
Arctic Monkeys,Whatever People Say I Am That's What I'm Not,Dancing Shoes
Arctic Monkeys,Whatever People Say I Am That's What I'm Not,Fake Tales Of San Francisco
Arctic Monkeys,Whatever People Say I Am That's What I'm Not,From The Ritz To The Rubble
Arctic Monkeys,Whatever People Say I Am That's What I'm Not,I Bet You Look Good On The Dancefloor
Arctic Monkeys,Whatever People Say I Am That's What I'm Not,Mardy Bum
Arctic Monkeys,Whatever People Say I Am That's What I'm Not,Perhaps Vampires Is A Bit Strong But..
Arctic Monkeys,Whatever People Say I Am That's What I'm Not,Red Light Indicates Doors Are Secured
Arctic Monkeys,Whatever People Say I Am That's What I'm Not,Riot Van
Arctic Monkeys,Whatever People Say I Am That's What I'm Not,Still Take You Home
Arctic Monkeys,Whatever People Say I Am That's What I'm Not,The View From The Afternoon
Arctic Monkeys,Whatever People Say I Am That's What I'm Not,When The Sun Goes Down
Arctic Monkeys,Whatever People Say I Am That's What I'm Not,You Probably Couldn't See For The Lights But You Were Looking Straight At Me
Blink 182,Dude Ranch,A New Hope
Blink 182,Dude Ranch,Apple Shampoo
Blink 182,Dude Ranch,Boring
Blink 182,Dude Ranch,Dammit
Blink 182,Dude Ranch,Degenerate
Blink 182,Dude Ranch,Dick Lips
Blink 182,Dude Ranch,Emo
Blink 182,Dude Ranch,Enthused
Blink 182,Dude Ranch,I'm Sorry/Dog Lapping
Blink 182,Dude Ranch,Josie
Blink 182,Dude Ranch,Lemmings
Blink 182,Dude Ranch,Pathetic
Blink 182,Dude Ranch,Voyeur
Blink 182,Dude Ranch,Waggy
Blink 182,Enema Of The State,Adam's Song
Blink 182,Enema Of The State,Aliens Exist
Blink 182,Enema Of The State,All The Small Things
Blink 182,Enema Of The State,Anthem
Blink 182,Enema Of The State,Don't Leave Me
Blink 182,Enema Of The State,Dumpweed
Blink 182,Enema Of The State,Dysentery Gary
Blink 182,Enema Of The State,Enema Of The State
Blink 182,Enema Of The State,Going Away To College
Blink 182,Enema Of The State,Mutt
Blink 182,Enema Of The State,The Party Song
Blink 182,Enema Of The State,Wendy Clear
Blink 182,Enema Of The State,What's My Age Again
Blink 182,Take Off Your Pants And Jacket,Anthem Part Two
Blink 182,Take Off Your Pants And Jacket,Every Time I Look For You
Blink 182,Take Off Your Pants And Jacket,First Date
Blink 182,Take Off Your Pants And Jacket,Give Me One Good Reason
Blink 182,Take Off Your Pants And Jacket,Happy Holidays You Bastard
Blink 182,Take Off Your Pants And Jacket,Man Overboard
Blink 182,Take Off Your Pants And Jacket,Online Songs
Blink 182,Take Off Your Pants And Jacket,Please Take Me Home
Blink 182,Take Off Your Pants And Jacket,Reckless Abandon
Blink 182,Take Off Your Pants And Jacket,Roller Coaster
Blink 182,Take Off Your Pants And Jacket,Shut Up
Blink 182,Take Off Your Pants And Jacket,Stay Together For The Kids
Blink 182,Take Off Your Pants And Jacket,Story Of A Lonely Guy
Blink 182,Take Off Your Pants And Jacket,The Rock Show
Blink 182,Take Off Your Pants And Jacket,Time To Break Up
Bloc Party,Silent Alarm,Banquet
Bloc Party,Silent Alarm,Blue Light
Bloc Party,Silent Alarm,Compliments
Bloc Party,Silent Alarm,Helicopter
Bloc Party,Silent Alarm,Like Eating Glass
Bloc Party,Silent Alarm,Luno
Bloc Party,Silent Alarm,Pioneers
Bloc Party,Silent Alarm,Plans
Bloc Party,Silent Alarm,Positive Tension
Bloc Party,Silent Alarm,Price of Gas
Bloc Party,Silent Alarm,She's Hearing Voices
Bloc Party,Silent Alarm,So Here We Are
Bloc Party,Silent Alarm,This Modern Love
Bloc Party,Weekend in the City,Hunting for Witches
Bloc Party,Weekend in the City,I Still Remember
Bloc Party,Weekend in the City,Kreuzberg
Bloc Party,Weekend in the City,On
Bloc Party,Weekend in the City,Prayer
Bloc Party,Weekend in the City,Song for Clay
Bloc Party,Weekend in the City,SRXT
Bloc Party,Weekend in the City,Sunday
Bloc Party,Weekend in the City,Uniform
Bloc Party,Weekend in the City,Waiting for the 7:18
Bloc Party,Weekend in the City,Where Is Home?
Blur,Blur,Beetlebum
Blur,Blur,Chinese Bombs
Blur,Blur,Country Sad Ballad Man
Blur,Blur,Death Of A Party
Blur,Blur,Essex Dogs
Blur,Blur,I'm Just A Killer For Your Love
Blur,Blur,Look Inside America
Blur,Blur,MOR
Blur,Blur,Movin' On
Blur,Blur,On Your Own
Blur,Blur,Song 2
Blur,Blur,Strange News From Another Star
Blur,Blur,Theme From Retro
Blur,Blur,You're So Great
Blur,Parklife,Bank Holiday
Blur,Parklife,Clover Over Dover
Blur,Parklife,Debt Collector
Blur,Parklife,End Of A Century
Blur,Parklife,Far Out
Blur,Parklife,Girls And Boys
Blur,Parklife,Jubilee
Blur,Parklife,London Loves
Blur,Parklife,Magic America
Blur,Parklife,Parklife
Blur,Parklife,This Is A Low
Blur,Parklife,To The End
Blur,Parklife,Tracy Jacks
Blur,Parklife,Trouble In The Message Centre
Blur,Think Tank,Battery In Your Leg
Blur,Think Tank,Brothers & Sisters
Blur,Think Tank,Caravan
Blur,Think Tank,Crazy Beat
Blur,Think Tank,Gene By Gene
Blur,Think Tank,Good Song
Blur,Think Tank,Jets
Blur,Think Tank,Moroccan Peoples
Blur,Think Tank,My White Noise/Ambulance
Blur,Think Tank,On The Way To The Club
Blur,Think Tank,Out Of Time
Blur,Think Tank,Sweet Song
Blur,Think Tank,We've Got A File On You
Bob Dylan,Blonde on Blonde,Absolutely Sweet Marie
Bob Dylan,Blonde on Blonde,Fourth Time Around
Bob Dylan,Blonde on Blonde,I Want You
Bob Dylan,Blonde on Blonde,Just Like A Woman
Bob Dylan,Blonde on Blonde,Leopard-Skin Pill-Box Hat
Bob Dylan,Blonde on Blonde,Most Likely You Go Your Way (And I'll Go Mine)
Bob Dylan,Blonde on Blonde,Obviously Five Believers
Bob Dylan,Blonde on Blonde,One Of Us Must Know (Sooner Or Later)
Bob Dylan,Blonde on Blonde,Pledging My Time
Bob Dylan,Blonde on Blonde,Rainy Day Women
Bob Dylan,Blonde on Blonde,Sad-Eyed Lady Of The Lowlands
Bob Dylan,Blonde on Blonde,Stuck Inside Of Mobile With The Memphis Blues Again
Bob Dylan,Blonde on Blonde,Temporary Like Achilles
Bob Dylan,Blonde on Blonde,Visions Of Johanna
Bob Dylan,Blood on the Tracks,Buckets Of Rain
Bob Dylan,Blood on the Tracks,Idiot Wind
Bob Dylan,Blood on the Tracks,If You See Her Say Hello
Bob Dylan,Blood on the Tracks,Meet Me In The Morning
Bob Dylan,Blood on the Tracks,Shelter From The Storm
Bob Dylan,Blood on the Tracks,Simple Twist Of Fate
Bob Dylan,Blood on the Tracks,Tangled Up In Blue
Bob Dylan,Blood on the Tracks,You're A Big Girl Now
Bob Dylan,Blood on the Tracks,You're Gonna Make Me Lonesome When You Go
Bob Dylan,Highway 61 Revisited,Ballad Of A Thin Man
Bob Dylan,Highway 61 Revisited,Desolation Row
Bob Dylan,Highway 61 Revisited,From A Buick 6
Bob Dylan,Highway 61 Revisited,Highway 61 Revisited
Bob Dylan,Highway 61 Revisited,It Takes A Lot To Laugh It Takes A Train To Cry
Bob Dylan,Highway 61 Revisited,Just Like Tom Thumb's Blues
Bob Dylan,Highway 61 Revisited,Like A Rolling Stone
Bob Dylan,Highway 61 Revisited,Queen Jane Approximately
Bob Dylan,Highway 61 Revisited,Tombstone Blues
Bob Marley,Catch a Fire,400 Years
Bob Marley,Catch a Fire,All Day All Night
Bob Marley,Catch a Fire,Baby We've Got A Date (Rock It Baby)
Bob Marley,Catch a Fire,Concrete Jungle
Bob Marley,Catch a Fire,High Tide Or Low Tide
Bob Marley,Catch a Fire,Kinky Reggae
Bob Marley,Catch a Fire,Midnight Ravers
Bob Marley,Catch a Fire,No More Trouble
Bob Marley,Catch a Fire,Slave Driver
Bob Marley,Catch a Fire,Stir It Up
Bob Marley,Catch a Fire,Stop That Train
Bob Marley,Exodus,Exodus
Bob Marley,Exodus,Guiltiness
Bob Marley,Exodus,Heathen
Bob Marley,Exodus,Jammin'
Bob Marley,Exodus,Natural Mystic
Bob Marley,Exodus,One Love/People Get Ready
Bob Marley,Exodus,Punky Reggae Party
Bob Marley,Exodus,So Much Things To Say
Bob Marley,Exodus,Three Little Birds
Bob Marley,Exodus,Turn Your Lights Down Low
Bob Marley,Exodus,Waiting In Vain
Coldplay,A Rush of Blood to the Head,A Rush of Blood To The Head
Coldplay,A Rush of Blood to the Head,A Whisper
Coldplay,A Rush of Blood to the Head,Amsterdam
Coldplay,A Rush of Blood to the Head,Clocks
Coldplay,A Rush of Blood to the Head,Daylight
Coldplay,A Rush of Blood to the Head,God Put A Smile Upon Your Face
Coldplay,A Rush of Blood to the Head,Green Eyes
Coldplay,A Rush of Blood to the Head,In My Place
Coldplay,A Rush of Blood to the Head,Politik
Coldplay,A Rush of Blood to the Head,The Scientist
Coldplay,A Rush of Blood to the Head,Warning Sign
Coldplay,Parachutes,Don't Panic
Coldplay,Parachutes,Everything's Not Lost
Coldplay,Parachutes,High Speed
Coldplay,Parachutes,Parachutes
Coldplay,Parachutes,Shiver
Coldplay,Parachutes,Sparks
Coldplay,Parachutes,Spies
Coldplay,Parachutes,Trouble
Coldplay,Parachutes,We Never Change
Coldplay,Parachutes,Yellow
Coldplay,X&Y,A Message
Coldplay,X&Y,Fix You
Coldplay,X&Y,Hardest Part
Coldplay,X&Y,Low
Coldplay,X&Y,Speed Of Sound
Coldplay,X&Y,Square One
Coldplay,X&Y,Swallowed In The Sea
Coldplay,X&Y,Talk
Coldplay,X&Y,'Til Kingdom Come
Coldplay,X&Y,Twisted Logic
Coldplay,X&Y,What if?
Coldplay,X&Y,White Shadows
Coldplay,X&Y,X&Y
Daft Punk,Discovery,Aerodynamic
Daft Punk,Discovery,Crescendolls
Daft Punk,Discovery,Digital Love
Daft Punk,Discovery,Face To Face
Daft Punk,Discovery,Harder Better Faster Stronger
Daft Punk,Discovery,High Life
Daft Punk,Discovery,Nightvision
Daft Punk,Discovery,One More Time
Daft Punk,Discovery,Short Circuit
Daft Punk,Discovery,Something About Us
Daft Punk,Discovery,Superheroes
Daft Punk,Discovery,Too Long
Daft Punk,Discovery,Veridis Quo
Daft Punk,Discovery,Voyager
Daft Punk,Homework,Alive
Daft Punk,Homework,Around The World
Daft Punk,Homework,Burnin'
Daft Punk,Homework,Da Funk
Daft Punk,Homework,Daftendirekt
Daft Punk,Homework,Fresh
Daft Punk,Homework,Funk AD
Daft Punk,Homework,High Fidelity
Daft Punk,Homework,Indo Silver Club
Daft Punk,Homework,Oh Yeah
Daft Punk,Homework,Phoenix
Daft Punk,Homework,Revolution 909
Daft Punk,Homework,Rock 'n' Roll
Daft Punk,Homework,Rollin' And Scratchin'
Daft Punk,Homework,Teachers
Daft Punk,Homework,WDPK 83.7 FM
Daft Punk,Human After All,Emotion
Daft Punk,Human After All,Human After All
Daft Punk,Human After All,Make Love
Daft Punk,Human After All,On/Off
Daft Punk,Human After All,Robot Rock
Daft Punk,Human After All,Steam Machine
Daft Punk,Human After All,Technologic
Daft Punk,Human After All,Television Rules The Nation
Daft Punk,Human After All,The Brainwasher
Daft Punk,Human After All,The Prime Time of Your Life
David Bowie,Hunky Dory,Andy Warhol
David Bowie,Hunky Dory,Changes
David Bowie,Hunky Dory,Eight Line Poem
David Bowie,Hunky Dory,Fill Your Heart
David Bowie,Hunky Dory,Kooks
David Bowie,Hunky Dory,Life on Mars?
David Bowie,Hunky Dory,Oh! You Pretty Things
David Bowie,Hunky Dory,Queen Bitch
David Bowie,Hunky Dory,Quicksand
David Bowie,Hunky Dory,Song for Bob Dylan
David Bowie,Hunky Dory,The Bewlay Brothers
David Bowie,Let's Dance,Cat People
David Bowie,Let's Dance,China Girl
David Bowie,Let's Dance,Criminal World
David Bowie,Let's Dance,Let's Dance
David Bowie,Let's Dance,Modern Love
David Bowie,Let's Dance,Ricochet
David Bowie,Let's Dance,Shake It
David Bowie,Let's Dance,Without You
David Bowie,Low,Always Crashing in the Same Car
David Bowie,Low,Art Decade
David Bowie,Low,Be My Wife
David Bowie,Low,Breaking Glass
David Bowie,Low,New Career in a New Town
David Bowie,Low,Sound and Vision
David Bowie,Low,Speed of Life
David Bowie,Low,Subterraneans
David Bowie,Low,Warszawa
David Bowie,Low,Weeping Wall
David Bowie,Low,What in the World
David Bowie,The Man Who Sold the World,After All
David Bowie,The Man Who Sold the World,All The Madmen
David Bowie,The Man Who Sold the World,Black Country Rock
David Bowie,The Man Who Sold the World,Man Who Sold The World
David Bowie,The Man Who Sold the World,Running Gun Blues
David Bowie,The Man Who Sold the World,Saviour Machine
David Bowie,The Man Who Sold the World,She Shook Me Cold
David Bowie,The Man Who Sold the World,Supermen
David Bowie,The Man Who Sold the World,Width Of A Circle
David Bowie,The Rise and Fall of Ziggy Stardust & the Spiders from Mars,Five Years
David Bowie,The Rise and Fall of Ziggy Stardust & the Spiders from Mars,Hang On To Yourself
David Bowie,The Rise and Fall of Ziggy Stardust & the Spiders from Mars,It Ain't Easy
David Bowie,The Rise and Fall of Ziggy Stardust & the Spiders from Mars,Lady Stardust
David Bowie,The Rise and Fall of Ziggy Stardust & the Spiders from Mars,Moonage Daydream
David Bowie,The Rise and Fall of Ziggy Stardust & the Spiders from Mars,Rock 'n' Roll Suicide
David Bowie,The Rise and Fall of Ziggy Stardust & the Spiders from Mars,Soul Love
David Bowie,The Rise and Fall of Ziggy Stardust & the Spiders from Mars,Star
David Bowie,The Rise and Fall of Ziggy Stardust & the Spiders from Mars,Starman
David Bowie,The Rise and Fall of Ziggy Stardust & the Spiders from Mars,Suffragette City
David Bowie,The Rise and Fall of Ziggy Stardust & the Spiders from Mars,Ziggy Stardust
Foo Fighters,Foo Fighters,Alone And Easy Target
Foo Fighters,Foo Fighters,Big Me
Foo Fighters,Foo Fighters,Exhausted
Foo Fighters,Foo Fighters,Floaty
Foo Fighters,Foo Fighters,For All The Cows
Foo Fighters,Foo Fighters,Good Grief
Foo Fighters,Foo Fighters,I'll Stick Around
Foo Fighters,Foo Fighters,Oh George
Foo Fighters,Foo Fighters,This Is A Call
Foo Fighters,Foo Fighters,Watershed
Foo Fighters,Foo Fighters,Weenie Beenie
Foo Fighters,Foo Fighters,X Static
Foo Fighters,The Colour and the Shape,Doll
Foo Fighters,The Colour and the Shape,Enough Space
Foo Fighters,The Colour and the Shape,Everlong
Foo Fighters,The Colour and the Shape,February Stars
Foo Fighters,The Colour and the Shape,Hey Johnny Park
Foo Fighters,The Colour and the Shape,Monkey Wrench
Foo Fighters,The Colour and the Shape,My Hero
Foo Fighters,The Colour and the Shape,My Poor Brain
Foo Fighters,The Colour and the Shape,New Way Home
Foo Fighters,The Colour and the Shape,See You
Foo Fighters,The Colour and the Shape,Up In Arms
Foo Fighters,The Colour and the Shape,Walking After You
Foo Fighters,The Colour and the Shape,Wind Up
Foo Fighters,There Is Nothing Left to Lose,Ain't It The Life
Foo Fighters,There Is Nothing Left to Lose,Aurora
Foo Fighters,There Is Nothing Left to Lose,Breakout
Foo Fighters,There Is Nothing Left to Lose,Generator
Foo Fighters,There Is Nothing Left to Lose,Gimme Stitches
Foo Fighters,There Is Nothing Left to Lose,Headwires
Foo Fighters,There Is Nothing Left to Lose,Learn To Fly
Foo Fighters,There Is Nothing Left to Lose,Live-in Skin
Foo Fighters,There Is Nothing Left to Lose,M.I.A.
Foo Fighters,There Is Nothing Left to Lose,Next Year
Foo Fighters,There Is Nothing Left to Lose,Stacked Actors
Green Day,American Idiot,American Idiot
Green Day,American Idiot,Are We The Waiting
Green Day,American Idiot,Boulevard Of Broken Dreams
Green Day,American Idiot,Extraordinary Girl
Green Day,American Idiot,Give Me Novacaine
Green Day,American Idiot,Holiday
Green Day,American Idiot,Homecoming
Green Day,American Idiot,Jesus Of Surburbia
Green Day,American Idiot,Letterbomb
Green Day,American Idiot,She's A Rebel
Green Day,American Idiot,St Jimmy
Green Day,American Idiot,Wake Me Up When September Ends
Green Day,American Idiot,Whatsername
Green Day,Dookie,Basket Case
Green Day,Dookie,Burnout
Green Day,Dookie,Chump
Green Day,Dookie,Coming Clean
Green Day,Dookie,Emenius Sleepus
Green Day,Dookie,FOD
Green Day,Dookie,Having A Blast
Green Day,Dookie,In The End
Green Day,Dookie,Longview
Green Day,Dookie,Pulling Teeth
Green Day,Dookie,Sassafras Roots
Green Day,Dookie,She
Green Day,Dookie,Welcome To Paradise
Green Day,Dookie,When I Come Around
Green Day,Nimrod,All The Time
Green Day,Nimrod,Desensitized
Green Day,Nimrod,Good Riddance
Green Day,Nimrod,Grouch
Green Day,Nimrod,Haushinka
Green Day,Nimrod,Hitchin' A Ride
Green Day,Nimrod,Jinx
Green Day,Nimrod,King For A Day
Green Day,Nimrod,Last Ride In
Green Day,Nimrod,Nice Guys Finish Last
Green Day,Nimrod,Platypus
Green Day,Nimrod,Prosthetic Head
Green Day,Nimrod,Redundant
Green Day,Nimrod,Scattered
Green Day,Nimrod,Suffocate
Green Day,Nimrod,Take Back
Green Day,Nimrod,Uptight
Green Day,Nimrod,Walking Alone
Green Day,Nimrod,Worry Rock
Green Day,Warning,86
Green Day,Warning,Blood Sex And Booze
Green Day,Warning,Castaway
Green Day,Warning,Church On Sunday
Green Day,Warning,Deadbeat
Green Day,Warning,Fashion Victim
Green Day,Warning,Hold On
Green Day,Warning,Jackass
Green Day,Warning,Macy's Day Parade
Green Day,Warning,Minority
Green Day,Warning,Misery
Green Day,Warning,Waiting
Green Day,Warning,Warning
Guns N' Roses,Appetite For Destruction,Anything Goes
Guns N' Roses,Appetite For Destruction,It's So Easy
Guns N' Roses,Appetite For Destruction,Mr. Brownstone
Guns N' Roses,Appetite For Destruction,My Michelle
Guns N' Roses,Appetite For Destruction,Nightrain
Guns N' Roses,Appetite For Destruction,Out Ta Get Me
Guns N' Roses,Appetite For Destruction,Paradise City
Guns N' Roses,Appetite For Destruction,Rocket Queen
Guns N' Roses,Appetite For Destruction,Sweet Child O' Mine
Guns N' Roses,Appetite For Destruction,Think About You
Guns N' Roses,Appetite For Destruction,Welcome To The Jungle
Guns N' Roses,G N' R Lies,Mama Kin
Guns N' Roses,G N' R Lies,Move To The City
Guns N' Roses,G N' R Lies,Nice Boys
Guns N' Roses,G N' R Lies,One In A Million
Guns N' Roses,G N' R Lies,Patience
Guns N' Roses,G N' R Lies,Reckless Life
Guns N' Roses,G N' R Lies,Used To Love Her
Guns N' Roses,G N' R Lies,You're Crazy
Kings Of Leon,Aha Shake Heartbreak,Day Old Blues
Kings Of Leon,Aha Shake Heartbreak,Four Kicks
Kings Of Leon,Aha Shake Heartbreak,King Of The Rodeo
Kings Of Leon,Aha Shake Heartbreak,Milk
Kings Of Leon,Aha Shake Heartbreak,Pistol Of Fire
Kings Of Leon,Aha Shake Heartbreak,Razz
Kings Of Leon,Aha Shake Heartbreak,Rememo
Kings Of Leon,Aha Shake Heartbreak,Slow Night So Long
Kings Of Leon,Aha Shake Heartbreak,Soft
Kings Of Leon,Aha Shake Heartbreak,Taper Jean Girl
Kings Of Leon,Aha Shake Heartbreak,The Bucket
Kings Of Leon,Aha Shake Heartbreak,Velvet Snow
Kings Of Leon,Aha Shake Heartbreak,Where Nobody Knows (Bonus Track)
Kings Of Leon,Because of the Times,Arizona
Kings Of Leon,Because of the Times,Black Thumbnail
Kings Of Leon,Because of the Times,Camaro
Kings Of Leon,Because of the Times,Charmer
Kings Of Leon,Because of the Times,Fans
Kings Of Leon,Because of the Times,Knocked Up
Kings Of Leon,Because of the Times,McFearless
Kings Of Leon,Because of the Times,My Party
Kings Of Leon,Because of the Times,On Call
Kings Of Leon,Because of the Times,Ragoo
Kings Of Leon,Because of the Times,Runner
Kings Of Leon,Because of the Times,True Love Way
Kings Of Leon,Because of the Times,Trunk
Led Zeppelin,Houses of the Holy,Crunge
Led Zeppelin,Houses of the Holy,Dancing Days
Led Zeppelin,Houses of the Holy,D'yer Mak'er
Led Zeppelin,Houses of the Holy,No Quarter
Led Zeppelin,Houses of the Holy,Ocean
Led Zeppelin,Houses of the Holy,Over The Hills And Far Away
Led Zeppelin,Houses of the Holy,Rain Song
Led Zeppelin,Houses of the Holy,Song Remains The Same
Led Zeppelin,Led Zeppelin II,Bring It On Home
Led Zeppelin,Led Zeppelin II,Heartbreaker
Led Zeppelin,Led Zeppelin II,Lemon Song
Led Zeppelin,Led Zeppelin II,Livin' Lovin' Maid
Led Zeppelin,Led Zeppelin II,Moby Dick
Led Zeppelin,Led Zeppelin II,Ramble On
Led Zeppelin,Led Zeppelin II,Thank You
Led Zeppelin,Led Zeppelin II,What Is And What Should Never Be
Led Zeppelin,Led Zeppelin II,Whole Lotta Love
Led Zeppelin,Led Zeppelin III,Bron Y Aur stomp
Led Zeppelin,Led Zeppelin III,Celebration Day
Led Zeppelin,Led Zeppelin III,Friends
Led Zeppelin,Led Zeppelin III,Gallows Pole
Led Zeppelin,Led Zeppelin III,Hats Off To (Roy) Harper
Led Zeppelin,Led Zeppelin III,Immigrant Song
Led Zeppelin,Led Zeppelin III,Out On The Tiles
Led Zeppelin,Led Zeppelin III,Since I've Been Loving You
Led Zeppelin,Led Zeppelin III,Tangerine
Led Zeppelin,Led Zeppelin III,That's The Way
Led Zeppelin,Led Zeppelin IV,Battle of Evermore
Led Zeppelin,Led Zeppelin IV,Black Dog
Led Zeppelin,Led Zeppelin IV,Four Sticks
Led Zeppelin,Led Zeppelin IV,Going to California
Led Zeppelin,Led Zeppelin IV,Misty Mountain Hop
Led Zeppelin,Led Zeppelin IV,Rock 'n' Roll
Led Zeppelin,Led Zeppelin IV,Stairway to Heaven
Led Zeppelin,Led Zeppelin IV,When The Levee Breaks
Linkin Park,Hybrid Theory,A Place for My Head
Linkin Park,Hybrid Theory,By Myself
Linkin Park,Hybrid Theory,Crawling
Linkin Park,Hybrid Theory,Cure for the Itch
Linkin Park,Hybrid Theory,Forgotten
Linkin Park,Hybrid Theory,In The End
Linkin Park,Hybrid Theory,One Step Closer
Linkin Park,Hybrid Theory,Papercut
Linkin Park,Hybrid Theory,Points Of Authority
Linkin Park,Hybrid Theory,Pushing Me Away
Linkin Park,Hybrid Theory,Runaway
Linkin Park,Hybrid Theory,With You
Linkin Park,Meteora,Breaking The Habit
Linkin Park,Meteora,Don't Stay
Linkin Park,Meteora,Easier To Run
Linkin Park,Meteora,Faint
Linkin Park,Meteora,Figure.09
Linkin Park,Meteora,From The Inside
Linkin Park,Meteora,Hit The Floor
Linkin Park,Meteora,Intro
Linkin Park,Meteora,Lying From You
Linkin Park,Meteora,Nobody's Listening
Linkin Park,Meteora,Numb
Linkin Park,Meteora,Session (Instrumental)
Linkin Park,Meteora,Somewhere I Belong
Linkin Park,Minutes To Midnight,Bleed It Out
Linkin Park,Minutes To Midnight,Given Up
Linkin Park,Minutes To Midnight,Hands Held High
Linkin Park,Minutes To Midnight,In Between
Linkin Park,Minutes To Midnight,In Pieces
Linkin Park,Minutes To Midnight,Leave Out All The Rest
Linkin Park,Minutes To Midnight,No More Sorrow
Linkin Park,Minutes To Midnight,Shadow Of The Day
Linkin Park,Minutes To Midnight,The Little Things Give You Away
Linkin Park,Minutes To Midnight,Valentine's Day
Linkin Park,Minutes To Midnight,Wake
Linkin Park,Minutes To Midnight,What I've Done
Massive Attack,100th Window,A Prayer For England
Massive Attack,100th Window,Antistar
Massive Attack,100th Window,Butterfly Caught
Massive Attack,100th Window,Everywhen
Massive Attack,100th Window,Future Proof
Massive Attack,100th Window,Name Taken
Massive Attack,100th Window,Small Time Shot Away
Massive Attack,100th Window,Special Cases
Massive Attack,100th Window,What Your Soul Sings
Massive Attack,Blue Lines,Be Thankful For What You've Got
Massive Attack,Blue Lines,Blue Lines
Massive Attack,Blue Lines,Daydreaming
Massive Attack,Blue Lines,Five Man Army
Massive Attack,Blue Lines,Hymn Of The Big Wheel
Massive Attack,Blue Lines,Lately
Massive Attack,Blue Lines,One Love
Massive Attack,Blue Lines,Safe From Harm
Massive Attack,Blue Lines,Unfinished Sympathy
Massive Attack,Mezzanine,Angel
Massive Attack,Mezzanine,Black Milk
Massive Attack,Mezzanine,Dissolved Girl
Massive Attack,Mezzanine,Exchange
Massive Attack,Mezzanine,Group 4
Massive Attack,Mezzanine,Inertia Creeps
Massive Attack,Mezzanine,Man Next Door
Massive Attack,Mezzanine,Mezzanine
Massive Attack,Mezzanine,Risingson
Massive Attack,Mezzanine,Teardrop
Metallica,... And Justice For All,...And Justice For All
Metallica,... And Justice For All,Blackened
Metallica,... And Justice For All,Dyers Eve
Metallica,... And Justice For All,Eye Of The Beholder
Metallica,... And Justice For All,Harvester Of Sorrow
Metallica,... And Justice For All,One
Metallica,... And Justice For All,The Frayed Ends Of Sanity
Metallica,... And Justice For All,The Shortest Straw
Metallica,... And Justice For All,To Live Is To Die
Metallica,Garage Inc.,Am I Evil?
Metallica,Garage Inc.,Astronomy
Metallica,Garage Inc.,Blitzkrieg
Metallica,Garage Inc.,Breadfan
Metallica,Garage Inc.,Crash Course In Brain Surgery
Metallica,Garage Inc.,Damage Case
Metallica,Garage Inc.,Die Die My Darling
Metallica,Garage Inc.,Free Speech For The Dumb
Metallica,Garage Inc.,Helpless
Metallica,Garage Inc.,It's Electric
Metallica,Garage Inc.,Killing Time
Metallica,Garage Inc.,Last Caress/Green Hell
Metallica,Garage Inc.,Loverman
Metallica,Garage Inc.,Mercyful Fate
Metallica,Garage Inc.,Overkill
Metallica,Garage Inc.,Sabbra Cadabra
Metallica,Garage Inc.,So What
Metallica,Garage Inc.,Stone Cold Crazy
Metallica,Garage Inc.,Stone Dead Forever
Metallica,Garage Inc.,The More I See
Metallica,Garage Inc.,The Prince
Metallica,Garage Inc.,The Small Hours
Metallica,Garage Inc.,The Wait
Metallica,Garage Inc.,Too Late Too Late
Metallica,Garage Inc.,Tuesday's Gone
Metallica,Garage Inc.,Turn The Page
Metallica,Garage Inc.,Whiskey In The Jar
Metallica,Kill 'Em All,Hit The Lights
Metallica,Kill 'Em All,Jump In The Fire
Metallica,Kill 'Em All,Metal Militia
Metallica,Kill 'Em All,Motorbreath
Metallica,Kill 'Em All,No Remorse
Metallica,Kill 'Em All,Phantom Lord
Metallica,Kill 'Em All,Pulling Teath
Metallica,Kill 'Em All,Seek & Destroy
Metallica,Kill 'Em All,The Four Horsemen
Metallica,Kill 'Em All,Whiplash
Metallica,Master of Puppets,Battery
Metallica,Master of Puppets,Damage Inc.
Metallica,Master of Puppets,Disposable Heroes
Metallica,Master of Puppets,Leper Messiah
Metallica,Master of Puppets,Master Of Puppets
Metallica,Master of Puppets,Orion
Metallica,Master of Puppets,The Thing That Should Not Be
Metallica,Master of Puppets,Welcome Home (Sanitarium)
Metallica,Metallica,Don't Tread On Me
Metallica,Metallica,Enter Sandman
Metallica,Metallica,Holier Than Thou
Metallica,Metallica,My Friend Of Misery
Metallica,Metallica,Nothing Else Matters
Metallica,Metallica,Of Wolf And Man
Metallica,Metallica,Sad But True
Metallica,Metallica,The God That Failed
Metallica,Metallica,The Struggle Within
Metallica,Metallica,The Unforgiven
Metallica,Metallica,Through The Never
Metallica,Metallica,Wherever I May Roam
Metallica,Ride The Lightning,Creeping Death
Metallica,Ride The Lightning,Escape
Metallica,Ride The Lightning,Fade To Black
Metallica,Ride The Lightning,Fight Fire With Fire
Metallica,Ride The Lightning,For Whom The Bell Tolls
Metallica,Ride The Lightning,Ride The Lightning
Metallica,Ride The Lightning,The Call Of Ktulu
Metallica,Ride The Lightning,Trapped Under Ice
Muse,Absolution,Apocalypse Please
Muse,Absolution,Blackout
Muse,Absolution,Butterflies and Hurricanes
Muse,Absolution,Endlessly
Muse,Absolution,Falling Away with You
Muse,Absolution,Hysteria
Muse,Absolution,Interlude
Muse,Absolution,Intro
Muse,Absolution,Rule by Secrecy
Muse,Absolution,Sing for Absolution
Muse,Absolution,Stockholm Syndrome
Muse,Absolution,Thoughts of a Dying Atheist
Muse,Absolution,Time Is Running Out
Muse,Absolution,TSP
Muse,Origin of Symmetry,Bliss
Muse,Origin of Symmetry,Citizen Erased
Muse,Origin of Symmetry,Dark Shines
Muse,Origin of Symmetry,Feeling Good
Muse,Origin of Symmetry,Hyper Music
Muse,Origin of Symmetry,Megalomania
Muse,Origin of Symmetry,Micro Cuts
Muse,Origin of Symmetry,New Born
Muse,Origin of Symmetry,Plug In Baby
Muse,Origin of Symmetry,Screenager
Muse,Origin of Symmetry,Space Dementia
Nine Inch Nails,Pretty Hate Machine,Down In It
Nine Inch Nails,Pretty Hate Machine,Head Like A Hole
Nine Inch Nails,Pretty Hate Machine,Kinda I Want To
Nine Inch Nails,Pretty Hate Machine,Ringfinger
Nine Inch Nails,Pretty Hate Machine,Sanctified
Nine Inch Nails,Pretty Hate Machine,Sin
Nine Inch Nails,Pretty Hate Machine,Something I Can Never Have
Nine Inch Nails,Pretty Hate Machine,Terrible A Hole
Nine Inch Nails,Pretty Hate Machine,That's What I Get
Nine Inch Nails,Pretty Hate Machine,The Only Time
Nine Inch Nails,The Downward Spiral,A Warm Place
Nine Inch Nails,The Downward Spiral,Big Man With A Gun
Nine Inch Nails,The Downward Spiral,Closer
Nine Inch Nails,The Downward Spiral,Eraser
Nine Inch Nails,The Downward Spiral,Heresy
Nine Inch Nails,The Downward Spiral,Hurt
Nine Inch Nails,The Downward Spiral,I Do Not Want This
Nine Inch Nails,The Downward Spiral,March Of The Pigs
Nine Inch Nails,The Downward Spiral,Mr Self Destruct
Nine Inch Nails,The Downward Spiral,Piggy
Nine Inch Nails,The Downward Spiral,Reptile
Nine Inch Nails,The Downward Spiral,Ruiner
Nine Inch Nails,The Downward Spiral,The Becoming
Nine Inch Nails,The Downward Spiral,The Downward Spiral
Nine Inch Nails,With Teeth,All The Love In The World
Nine Inch Nails,With Teeth,Beside You In Time
Nine Inch Nails,With Teeth,Every Day Is Exactly The Same
Nine Inch Nails,With Teeth,Getting Smaller
Nine Inch Nails,With Teeth,Home
Nine Inch Nails,With Teeth,Love Is Not Enough
Nine Inch Nails,With Teeth,Only
Nine Inch Nails,With Teeth,Right Where It Belongs
Nine Inch Nails,With Teeth,Sunspots
Nine Inch Nails,With Teeth,The Collector
Nine Inch Nails,With Teeth,The Hand That Feeds
Nine Inch Nails,With Teeth,The Line Begins To Blur
Nine Inch Nails,With Teeth,With Teeth
Nine Inch Nails,With Teeth,You Know What You Are?
Nirvana,Incesticide,Aero Zeppelin
Nirvana,Incesticide,Aneurysm
Nirvana,Incesticide,Been A Son
Nirvana,Incesticide,Beeswax
Nirvana,Incesticide,Big Long Now
Nirvana,Incesticide,Dive
Nirvana,Incesticide,Downer
Nirvana,Incesticide,Hairspray Queen
Nirvana,Incesticide,Mexican Seafood
Nirvana,Incesticide,Molly's Lips
Nirvana,Incesticide,Sliver
Nirvana,Incesticide,Son Of A Gun
Nirvana,Incesticide,Stain
Nirvana,Incesticide,Turnaround
Nirvana,Nevermind,Breed
Nirvana,Nevermind,Come As You Are
Nirvana,Nevermind,Drain You
Nirvana,Nevermind,In Bloom
Nirvana,Nevermind,Lithium
Nirvana,Nevermind,Lounge Act
Nirvana,Nevermind,On A Plain
Nirvana,Nevermind,Polly
Nirvana,Nevermind,Smells Like Teen Spirit
Nirvana,Nevermind,Something In The Way
Nirvana,Nevermind,Stay Away
Nirvana,Nevermind,Territorial Pissings
Oasis,(What's The Story) Morning Glory?,Cast No Shadow
Oasis,(What's The Story) Morning Glory?,Champagne Supernova
Oasis,(What's The Story) Morning Glory?,Don't Look Back In Anger
Oasis,(What's The Story) Morning Glory?,Hello
Oasis,(What's The Story) Morning Glory?,Hey Now
Oasis,(What's The Story) Morning Glory?,Morning Glory
Oasis,(What's The Story) Morning Glory?,Roll With It
Oasis,(What's The Story) Morning Glory?,She's Electric
Oasis,(What's The Story) Morning Glory?,Some Might Say
Oasis,(What's The Story) Morning Glory?,Wonderwall
Oasis,Definitely Maybe,Bring It On Down
Oasis,Definitely Maybe,Cigarettes And Alcohol
Oasis,Definitely Maybe,Columbia
Oasis,Definitely Maybe,Digsy's Dinner
Oasis,Definitely Maybe,Live Forever
Oasis,Definitely Maybe,Married With Children
Oasis,Definitely Maybe,Rock 'n' Roll Star
Oasis,Definitely Maybe,Shakermaker
Oasis,Definitely Maybe,Slide Away
Oasis,Definitely Maybe,Supersonic
Oasis,Definitely Maybe,Up In The Sky
Oasis,Don't Believe The Truth,A Bell Will Ring
Oasis,Don't Believe The Truth,Guess God Thinks I?m Abel
Oasis,Don't Believe The Truth,Keep the Dream Alive
Oasis,Don't Believe The Truth,Let There Be Love
Oasis,Don't Believe The Truth,Love Like a Bomb
Oasis,Don't Believe The Truth,Lyla
Oasis,Don't Believe The Truth,Mucky Fingers
Oasis,Don't Believe The Truth,Part of the Queue
Oasis,Don't Believe The Truth,The Importance of Being Idle
Oasis,Don't Believe The Truth,The Meaning of Soul
Oasis,Don't Believe The Truth,Turn Up the Sun
Oasis,Heathen Chemistry,A Quick Peep
Oasis,Heathen Chemistry,Better Man
Oasis,Heathen Chemistry,Born On A Different Cloud
Oasis,Heathen Chemistry,Force Of Nature
Oasis,Heathen Chemistry,Hung In A Bad Place
Oasis,Heathen Chemistry,In My Mind
Oasis,Heathen Chemistry,Little By Little
Oasis,Heathen Chemistry,She Is Love
Oasis,Heathen Chemistry,Songbird
Oasis,Heathen Chemistry,Stop Crying Your Heart Out
Oasis,Heathen Chemistry,The Hindu Times
Pearl Jam,Pearl Jam,Army Reserve
Pearl Jam,Pearl Jam,Big Wave
Pearl Jam,Pearl Jam,Comatose
Pearl Jam,Pearl Jam,Come Back
Pearl Jam,Pearl Jam,Gone
Pearl Jam,Pearl Jam,Inside Job
Pearl Jam,Pearl Jam,Life Wasted
Pearl Jam,Pearl Jam,Marker In The Sand
Pearl Jam,Pearl Jam,Parachutes
Pearl Jam,Pearl Jam,Severed Hand
Pearl Jam,Pearl Jam,Unemployable
Pearl Jam,Pearl Jam,Wasted Reprise
Pearl Jam,Pearl Jam,World Wide Suicide
Pearl Jam,Ten,Alive
Pearl Jam,Ten,Black
Pearl Jam,Ten,Deep
Pearl Jam,Ten,Dirty Frank
Pearl Jam,Ten,Even Flow
Pearl Jam,Ten,Garden
Pearl Jam,Ten,Jeremy
Pearl Jam,Ten,Oceans
Pearl Jam,Ten,Once
Pearl Jam,Ten,Porch
Pearl Jam,Ten,Release
Pearl Jam,Ten,Wash
Pearl Jam,Ten,Why Go
Pearl Jam,Vs.,Animal
Pearl Jam,Vs.,Blood
Pearl Jam,Vs.,Daughter
Pearl Jam,Vs.,Dissident
Pearl Jam,Vs.,Elderly Woman Behind The Counter In A Small Town
Pearl Jam,Vs.,Glorified G
Pearl Jam,Vs.,Go
Pearl Jam,Vs.,Indifference
Pearl Jam,Vs.,Leash
Pearl Jam,Vs.,Rats
Pearl Jam,Vs.,Rear View Mirror
Pearl Jam,Vs.,WMA
Pink Floyd,Dark Side of the Moon,Any Colour You Like
Pink Floyd,Dark Side of the Moon,Brain Damage
Pink Floyd,Dark Side of the Moon,Breathe
Pink Floyd,Dark Side of the Moon,Eclipse
Pink Floyd,Dark Side of the Moon,Great Gig In The Sky
Pink Floyd,Dark Side of the Moon,Money
Pink Floyd,Dark Side of the Moon,On The Run
Pink Floyd,Dark Side of the Moon,Speak To Me
Pink Floyd,Dark Side of the Moon,Time
Pink Floyd,Dark Side of the Moon,Us And Them
Pink Floyd,The Wall,Another Brick In The Wall
Pink Floyd,The Wall,Bring The Boys Back Home
Pink Floyd,The Wall,Comfortably Numb
Pink Floyd,The Wall,Don't Leave Me Now
Pink Floyd,The Wall,Empty Spaces
Pink Floyd,The Wall,Goodbye Blue Sky
Pink Floyd,The Wall,Goodbye Cruel World
Pink Floyd,The Wall,Happiest Days Of Our Lives
Pink Floyd,The Wall,Hey You
Pink Floyd,The Wall,In The Flesh
Pink Floyd,The Wall,Is There Anybody Out There
Pink Floyd,The Wall,Mother
Pink Floyd,The Wall,Nobody Home
Pink Floyd,The Wall,One Of My Turns
Pink Floyd,The Wall,Outside The Wall
Pink Floyd,The Wall,Run Like Hell
Pink Floyd,The Wall,Show Must Go On
Pink Floyd,The Wall,Stop
Pink Floyd,The Wall,Thin Ice
Pink Floyd,The Wall,Trial
Pink Floyd,The Wall,Vera
Pink Floyd,The Wall,Waiting For The Worms
Pink Floyd,The Wall,Young Lust
Pink Floyd,Wish You Were Here,Have A Cigar
Pink Floyd,Wish You Were Here,Shine On You Crazy Diamond
Pink Floyd,Wish You Were Here,Welcome To The Machine
Pink Floyd,Wish You Were Here,Wish You Were Here
Placebo,Sleeping With Ghosts,Bulletproof Cupid
Placebo,Sleeping With Ghosts,Centrefolds
Placebo,Sleeping With Ghosts,English Summer Rain
Placebo,Sleeping With Ghosts,I'll Be Yours
Placebo,Sleeping With Ghosts,Plasticine
Placebo,Sleeping With Ghosts,Protect Me From What I Want
Placebo,Sleeping With Ghosts,Second Sight
Placebo,Sleeping With Ghosts,Sleeping With Ghosts
Placebo,Sleeping With Ghosts,Something Rotten
Placebo,Sleeping With Ghosts,Special Needs
Placebo,Sleeping With Ghosts,The Bitter End
Placebo,Sleeping With Ghosts,This Picture
Placebo,Without You I'm Nothing,Allergic (To Thoughts Of Mother Earth)
Placebo,Without You I'm Nothing,Ask For Answers 
Placebo,Without You I'm Nothing,Brick Shithouse 
Placebo,Without You I'm Nothing,Burger Queen 
Placebo,Without You I'm Nothing,Every You Every Me 
Placebo,Without You I'm Nothing,Evil Dildo
Placebo,Without You I'm Nothing,My Sweet Prince 
Placebo,Without You I'm Nothing,Pure Morning 
Placebo,Without You I'm Nothing,Scared Of Girls 
Placebo,Without You I'm Nothing,Summer's Gone 
Placebo,Without You I'm Nothing,The Crawl 
Placebo,Without You I'm Nothing,Without You I'm Nothing 
Placebo,Without You I'm Nothing,You Don't Care About Us 
Queen,A Kind of Magic,Don't Lose Your Head
Queen,A Kind of Magic,Forever
Queen,A Kind of Magic,Friends Will Be Friends
Queen,A Kind of Magic,Gimme The Prize
Queen,A Kind of Magic,Kind Of Magic
Queen,A Kind of Magic,One Vision
Queen,A Kind of Magic,One Year Of Love
Queen,A Kind of Magic,Pain Is So Close To Pleasure
Queen,A Kind of Magic,Princes Of The Universe
Queen,A Kind of Magic,Who Wants To Live Forever
Queen,A Night at the Opera,'39
Queen,A Night at the Opera,Bohemian Rhapsody
Queen,A Night at the Opera,Death On Two Legs
Queen,A Night at the Opera,God Save The Queen
Queen,A Night at the Opera,Good Company
Queen,A Night at the Opera,I'm In Love With My Car
Queen,A Night at the Opera,Lazing On A Sunday Afternoon
Queen,A Night at the Opera,Love Of My Life
Queen,A Night at the Opera,Prophet's Song
Queen,A Night at the Opera,Seaside Rendezvous
Queen,A Night at the Opera,Sweet Lady
Queen,A Night at the Opera,You're My Best Friend
Queen,Innuendo,All God's People
Queen,Innuendo,Bijou
Queen,Innuendo,Delilah
Queen,Innuendo,Don't Try So Hard
Queen,Innuendo,Headlong
Queen,Innuendo,Hitman
Queen,Innuendo,I Can't Live With You
Queen,Innuendo,I'm Going Slightly Mad
Queen,Innuendo,Innuendo
Queen,Innuendo,Ride The Wild Wind
Queen,Innuendo,Show Must Go On
Queen,Innuendo,These Are The Days Of Our Lives
Queens of the Stone Age,Lullabies to Paralyze,Broken Box
Queens of the Stone Age,Lullabies to Paralyze,Burn The Witch
Queens of the Stone Age,Lullabies to Paralyze,Everybody Knows That You're Insane
Queens of the Stone Age,Lullabies to Paralyze,I Never Came
Queens of the Stone Age,Lullabies to Paralyze,In My Head
Queens of the Stone Age,Lullabies to Paralyze,Like A Drug
Queens of the Stone Age,Lullabies to Paralyze,Little Sister
Queens of the Stone Age,Lullabies to Paralyze,Long Slow Goodbye
Queens of the Stone Age,Lullabies to Paralyze,Medication
Queens of the Stone Age,Lullabies to Paralyze,Precious and Grace
Queens of the Stone Age,Lullabies to Paralyze,Skin On Skin
Queens of the Stone Age,Lullabies to Paralyze,Someone's In The Wolf
Queens of the Stone Age,Lullabies to Paralyze,Tangled Up In Plaid
Queens of the Stone Age,Lullabies to Paralyze,The Blood Is Love
Queens of the Stone Age,Lullabies to Paralyze,This Lullaby
Radiohead,Amnesiac,Amnesiac
Radiohead,Amnesiac,Dollars And Cents
Radiohead,Amnesiac,Hunting Bears
Radiohead,Amnesiac,I Might Be Wrong
Radiohead,Amnesiac,Knives Out
Radiohead,Amnesiac,Life In A Glasshouse
Radiohead,Amnesiac,Like Spinning Plates
Radiohead,Amnesiac,Packt Like Sardines In A Crushed Tin Box
Radiohead,Amnesiac,Pulk/Pull Revolving Doors
Radiohead,Amnesiac,Pyramid Song
Radiohead,Amnesiac,You And Whose Army
Radiohead,In Rainbows,15 Step
Radiohead,In Rainbows,All I Need
Radiohead,In Rainbows,Bodysnatchers
Radiohead,In Rainbows,Faust Arp
Radiohead,In Rainbows,House Of Cards
Radiohead,In Rainbows,Jigsaw Falling Into Place
Radiohead,In Rainbows,Nude
Radiohead,In Rainbows,Reckoner
Radiohead,In Rainbows,Videotape
Radiohead,In Rainbows,Weird Fishes
Radiohead,Kid A,Everything In Its Right Place
Radiohead,Kid A,How To Disappear Completely
Radiohead,Kid A,Idioteque
Radiohead,Kid A,In Limbo
Radiohead,Kid A,Kid A
Radiohead,Kid A,Morning Bell
Radiohead,Kid A,Motion Picture Soundtrack
Radiohead,Kid A,National Anthem
Radiohead,Kid A,Optimistic
Radiohead,Kid A,Treefingers
Radiohead,O.K Computer,Airbag
Radiohead,O.K Computer,Climbing Up The Walls
Radiohead,O.K Computer,Electioneering
Radiohead,O.K Computer,Exit Music (For A Film)
Radiohead,O.K Computer,Fitter Happier
Radiohead,O.K Computer,Karma Police
Radiohead,O.K Computer,Let Down
Radiohead,O.K Computer,Lucky
Radiohead,O.K Computer,No Surprises
Radiohead,O.K Computer,Paranoid Android
Radiohead,O.K Computer,Subterranean Homesick Alien
Radiohead,O.K Computer,Tourist
Radiohead,Pablo Honey,Anyone Can Play Guitar
Radiohead,Pablo Honey,Blow Out
Radiohead,Pablo Honey,Creep
Radiohead,Pablo Honey,How Do You?
Radiohead,Pablo Honey,I Can't
Radiohead,Pablo Honey,Lurgee
Radiohead,Pablo Honey,Prove Yourself
Radiohead,Pablo Honey,Ripcord
Radiohead,Pablo Honey,Stop Whispering
Radiohead,Pablo Honey,Thinking About You
Radiohead,Pablo Honey,Vegetable
Radiohead,Pablo Honey,You
Radiohead,The Bends,Black Star
Radiohead,The Bends,Bones
Radiohead,The Bends,Bullet Proof... I Wish I Was
Radiohead,The Bends,Fake Plastic Trees
Radiohead,The Bends,High and Dry
Radiohead,The Bends,Just
Radiohead,The Bends,My Iron Lung
Radiohead,The Bends,Nice Dream
Radiohead,The Bends,Planet Telex
Radiohead,The Bends,Street Spirit (Fade Out)
Radiohead,The Bends,Sulk
Radiohead,The Bends,The Bends
Rage Against The Machine,Evil Empire,Bulls On Parade
Rage Against The Machine,Evil Empire,People Of The Sun
Rage Against The Machine,Evil Empire,Revolver
Rage Against The Machine,Evil Empire,Roll Right
Rage Against The Machine,Evil Empire,Rollin' Down Rodeo
Rage Against The Machine,Evil Empire,Snake Charmer
Rage Against The Machine,Evil Empire,Tire Me
Rage Against The Machine,Evil Empire,Vietnow
Rage Against The Machine,Evil Empire,Wind Below
Rage Against The Machine,Evil Empire,Without A Face
Rage Against The Machine,Evil Empire,Year Of Tha Boomerang
Rage Against The Machine,Rage Against the Machine,Bombtrack
Rage Against The Machine,Rage Against the Machine,Bullet In The Head
Rage Against The Machine,Rage Against the Machine,Fistful Of Steel
Rage Against The Machine,Rage Against the Machine,Freedom
Rage Against The Machine,Rage Against the Machine,Killing In The Name
Rage Against The Machine,Rage Against the Machine,Know Your Enemy
Rage Against The Machine,Rage Against the Machine,Settle For Nothing
Rage Against The Machine,Rage Against the Machine,Take The Power Back
Rage Against The Machine,Rage Against the Machine,Township Rebellion
Rage Against The Machine,Rage Against the Machine,Wake Up
Rage Against The Machine,The Battle of Los Angeles,Ashes In The Fall
Rage Against The Machine,The Battle of Los Angeles,Born Of A Broken Man
Rage Against The Machine,The Battle of Los Angeles,Born Of Ghosts
Rage Against The Machine,The Battle of Los Angeles,Calm Like A Bomb
Rage Against The Machine,The Battle of Los Angeles,Guerilla Radio
Rage Against The Machine,The Battle of Los Angeles,Maria
Rage Against The Machine,The Battle of Los Angeles,Mic Check
Rage Against The Machine,The Battle of Los Angeles,New Millennium Homes
Rage Against The Machine,The Battle of Los Angeles,Sleep Now In The Fire
Rage Against The Machine,The Battle of Los Angeles,Testify
Rage Against The Machine,The Battle of Los Angeles,Voice Of The Voiceless
Rage Against The Machine,The Battle of Los Angeles,War Within A Breath
Red Hot Chili Peppers,Blood Sugar Sex Magik,Apache Rose Peacock
Red Hot Chili Peppers,Blood Sugar Sex Magik,Blood Sugar Sex Magik
Red Hot Chili Peppers,Blood Sugar Sex Magik,Breaking The Girl
Red Hot Chili Peppers,Blood Sugar Sex Magik,Funky Monks
Red Hot Chili Peppers,Blood Sugar Sex Magik,Give It Away
Red Hot Chili Peppers,Blood Sugar Sex Magik,Greeting Song
Red Hot Chili Peppers,Blood Sugar Sex Magik,I Could Have Lied
Red Hot Chili Peppers,Blood Sugar Sex Magik,If You Have To Ask
Red Hot Chili Peppers,Blood Sugar Sex Magik,Mellowship Slinky In B Major
Red Hot Chili Peppers,Blood Sugar Sex Magik,My Lovely Man
Red Hot Chili Peppers,Blood Sugar Sex Magik,Naked In The Rain
Red Hot Chili Peppers,Blood Sugar Sex Magik,Power Of Equality
Red Hot Chili Peppers,Blood Sugar Sex Magik,Righteous And The Wicked
Red Hot Chili Peppers,Blood Sugar Sex Magik,Sir Psycho Sexy
Red Hot Chili Peppers,Blood Sugar Sex Magik,Suck My Kiss
Red Hot Chili Peppers,Blood Sugar Sex Magik,They're Red Hot
Red Hot Chili Peppers,Blood Sugar Sex Magik,Under The Bridge
Red Hot Chili Peppers,Californication,Around The World
Red Hot Chili Peppers,Californication,Californication
Red Hot Chili Peppers,Californication,Easily
Red Hot Chili Peppers,Californication,Emitremmus
Red Hot Chili Peppers,Californication,Get On Top
Red Hot Chili Peppers,Californication,I Like Dirt
Red Hot Chili Peppers,Californication,Otherside
Red Hot Chili Peppers,Californication,Parallel Universe
Red Hot Chili Peppers,Californication,Porcelain
Red Hot Chili Peppers,Californication,Purple Stain
Red Hot Chili Peppers,Californication,Right On Time
Red Hot Chili Peppers,Californication,Road Trippin
Red Hot Chili Peppers,Californication,Savior
Red Hot Chili Peppers,Californication,Scar Tissue
Red Hot Chili Peppers,Californication,This Velvet Glove
Red Hot Chili Peppers,Stadium Arcadium,21st Century
Red Hot Chili Peppers,Stadium Arcadium,Animal Bar
Red Hot Chili Peppers,Stadium Arcadium,Charlie
Red Hot Chili Peppers,Stadium Arcadium,C'mon Girl
Red Hot Chili Peppers,Stadium Arcadium,Dani California
Red Hot Chili Peppers,Stadium Arcadium,Death Of A Martian
Red Hot Chili Peppers,Stadium Arcadium,Desecration Smile
Red Hot Chili Peppers,Stadium Arcadium,Especially In Michigan
Red Hot Chili Peppers,Stadium Arcadium,Hard To Concentrate
Red Hot Chili Peppers,Stadium Arcadium,Hey
Red Hot Chili Peppers,Stadium Arcadium,Hump De Bump
Red Hot Chili Peppers,Stadium Arcadium,If
Red Hot Chili Peppers,Stadium Arcadium,Make You Feel Better
Red Hot Chili Peppers,Stadium Arcadium,Readymade
Red Hot Chili Peppers,Stadium Arcadium,She Looks To Me
Red Hot Chili Peppers,Stadium Arcadium,She's Only 18
Red Hot Chili Peppers,Stadium Arcadium,Slow Cheetah
Red Hot Chili Peppers,Stadium Arcadium,Snow
Red Hot Chili Peppers,Stadium Arcadium,So Much I
Red Hot Chili Peppers,Stadium Arcadium,Stadium Arcadium
Red Hot Chili Peppers,Stadium Arcadium,Storm In A Teacup
Red Hot Chili Peppers,Stadium Arcadium,Strip My Mind
Red Hot Chili Peppers,Stadium Arcadium,Tell Me Baby
Red Hot Chili Peppers,Stadium Arcadium,Torture Me
Red Hot Chili Peppers,Stadium Arcadium,Turn It Again
Red Hot Chili Peppers,Stadium Arcadium,Warlocks
Red Hot Chili Peppers,Stadium Arcadium,We Believe
Red Hot Chili Peppers,Stadium Arcadium,Wet Sand
REM,Automatic for the People,Drive
REM,Automatic for the People,Everybody Hurts
REM,Automatic for the People,Find The River
REM,Automatic for the People,Ignoreland
REM,Automatic for the People,Man On The Moon
REM,Automatic for the People,Monty Got A Raw Deal
REM,Automatic for the People,New Orleans Instrumental No 1
REM,Automatic for the People,Nightswimming
REM,Automatic for the People,Sidewinder Sleeps Tonite
REM,Automatic for the People,Star Me Kitten
REM,Automatic for the People,Sweetness Follows
REM,Automatic for the People,Try Not To Breathe
REM,Monster,Bang And Blame
REM,Monster,Circus Envy
REM,Monster,Crush With Eyeliner
REM,Monster,I Don't Sleep I Dream
REM,Monster,I Took Your Name
REM,Monster,King Of Comedy
REM,Monster,Let Me In
REM,Monster,Star 69
REM,Monster,Strange Currencies
REM,Monster,Tongue
REM,Monster,What's The Frequency Kenneth
REM,Monster,You
REM,Out of Time,Belong
REM,Out of Time,Country Feedback
REM,Out of Time,Endgame
REM,Out of Time,Half A World Away
REM,Out of Time,Losing My Religion
REM,Out of Time,Low
REM,Out of Time,Me In Honey
REM,Out of Time,Near Wild Heaven
REM,Out of Time,Radio Song
REM,Out of Time,Shiny Happy People
REM,Out of Time,Texarkana
Sigur Ros,Agaetis Byrjun,Agaetis Byrjun
Sigur Ros,Agaetis Byrjun,Avalon
Sigur Ros,Agaetis Byrjun,Flugufrelsarinn
Sigur Ros,Agaetis Byrjun,Hjartao Hamast (Bamm Bamm Bamm)
Sigur Ros,Agaetis Byrjun,Intro
Sigur Ros,Agaetis Byrjun,Ny Batteri
Sigur Ros,Agaetis Byrjun,Olsen Olsen
Sigur Ros,Agaetis Byrjun,Staralfur
Sigur Ros,Agaetis Byrjun,Svefn-g-englar
Sigur Ros,Agaetis Byrjun,Viorar Vel Til Loftarasa
Sigur Ros,Takk,Andvari
Sigur Ros,Takk,Glosoli
Sigur Ros,Takk,Gong
Sigur Ros,Takk,Heysatan
Sigur Ros,Takk,Hoppipolla
Sigur Ros,Takk,Meo Blodnasir
Sigur Ros,Takk,Milano
Sigur Ros,Takk,Se Lest
Sigur Ros,Takk,Saeglopur
Sigur Ros,Takk,Svo Hljott
Sigur Ros,Takk,Takk...
Smashing Pumpkins,Adore,17
Smashing Pumpkins,Adore,Annie Dog
Smashing Pumpkins,Adore,Appels And Oranjes
Smashing Pumpkins,Adore,Ava Adore
Smashing Pumpkins,Adore,Behold The Nightmare
Smashing Pumpkins,Adore,Blank Page
Smashing Pumpkins,Adore,Crestfallen
Smashing Pumpkins,Adore,Daphne Descends
Smashing Pumpkins,Adore,For Martha
Smashing Pumpkins,Adore,Once Upon Time
Smashing Pumpkins,Adore,Perfect
Smashing Pumpkins,Adore,Pug
Smashing Pumpkins,Adore,Shame
Smashing Pumpkins,Adore,Tale Of Dusty And Pistol Pete
Smashing Pumpkins,Adore,Tear
Smashing Pumpkins,Adore,To Sheila
Smashing Pumpkins,Siamese Dream,Cherub Rock
Smashing Pumpkins,Siamese Dream,Disarm
Smashing Pumpkins,Siamese Dream,Geek U.S.A.
Smashing Pumpkins,Siamese Dream,Hummer
Smashing Pumpkins,Siamese Dream,Luna
Smashing Pumpkins,Siamese Dream,Mayonaise
Smashing Pumpkins,Siamese Dream,Quiet
Smashing Pumpkins,Siamese Dream,Rocket
Smashing Pumpkins,Siamese Dream,Silverfuck
Smashing Pumpkins,Siamese Dream,Soma
Smashing Pumpkins,Siamese Dream,Spaceboy
Smashing Pumpkins,Siamese Dream,Sweet Sweet
Smashing Pumpkins,Siamese Dream,Today
Smashing Pumpkins,Zeitgeist,7 Shades Of Black
Smashing Pumpkins,Zeitgeist,Bleeding The Orchid
Smashing Pumpkins,Zeitgeist,Bring The Light
Smashing Pumpkins,Zeitgeist,Come On Let's Go
Smashing Pumpkins,Zeitgeist,Doomsday Clock
Smashing Pumpkins,Zeitgeist,For God And Country
Smashing Pumpkins,Zeitgeist,Neverlost
Smashing Pumpkins,Zeitgeist,Pomp And Circumstances
Smashing Pumpkins,Zeitgeist,Starz
Smashing Pumpkins,Zeitgeist,Tarantula
Smashing Pumpkins,Zeitgeist,That's The Way (My Love Is)
Smashing Pumpkins,Zeitgeist,United States
Snow Patrol,Eyes Open,Chasing Cars
Snow Patrol,Eyes Open,Hands Open
Snow Patrol,Eyes Open,Headlights On Dark Roads
Snow Patrol,Eyes Open,In My Arms
Snow Patrol,Eyes Open,It's Beginning To Get To Me
Snow Patrol,Eyes Open,Make This Go On Forever
Snow Patrol,Eyes Open,Open Your Eyes
Snow Patrol,Eyes Open,Set The Fire To The Third Bar
Snow Patrol,Eyes Open,Shut Your Eyes
Snow Patrol,Eyes Open,The Finish Line
Snow Patrol,Eyes Open,Warmer Climate
Snow Patrol,Eyes Open,You Could Be Happy
Snow Patrol,Eyes Open,You're All I Have
Snow Patrol,Final Straw,Chocolate
Snow Patrol,Final Straw,Gleaming Auction
Snow Patrol,Final Straw,Grazed Knees
Snow Patrol,Final Straw,Half The Fun
Snow Patrol,Final Straw,How To Be Dead
Snow Patrol,Final Straw,Run
Snow Patrol,Final Straw,Same
Snow Patrol,Final Straw,Somewhere A Clock Is Ticking
Snow Patrol,Final Straw,Spitting Games
Snow Patrol,Final Straw,Tiny Little Fractures
Snow Patrol,Final Straw,Ways & Means
Snow Patrol,Final Straw,We Can Run Away Now They're All Dead And Gone
Snow Patrol,Final Straw,Whatever's Left
Snow Patrol,Final Straw,Wow
Snow Patrol,Songs for Polarbears,100 Hundred Things You Should Have Done In Bed
Snow Patrol,Songs for Polarbears,Absolute Gravity
Snow Patrol,Songs for Polarbears,Days Without Paracetamol
Snow Patrol,Songs for Polarbears,Downhill From Here
Snow Patrol,Songs for Polarbears,Favourite Friend
Snow Patrol,Songs for Polarbears,Fifteen Minutes Old
Snow Patrol,Songs for Polarbears,Get Balsamic Vinegar...quick You Fool
Snow Patrol,Songs for Polarbears,Last Shot Ringing In My Ears
Snow Patrol,Songs for Polarbears,Little Hide
Snow Patrol,Songs for Polarbears,Mahogany
Snow Patrol,Songs for Polarbears,Make Up
Snow Patrol,Songs for Polarbears,NYC
Snow Patrol,Songs for Polarbears,Starfighter Pilot
Snow Patrol,Songs for Polarbears,Velocity Girl
The Beatles,1,A Hard Day's Night
The Beatles,1,All You Need Is Love
The Beatles,1,Can't Buy Me Love
The Beatles,1,Day Tripper
The Beatles,1,Eight Days A Week
The Beatles,1,Eleanor Rigby
The Beatles,1,From Me To You
The Beatles,1,Get Back
The Beatles,1,Hello Goodbye
The Beatles,1,Help!
The Beatles,1,Hey Jude
The Beatles,1,I Feel Fine
The Beatles,1,I Want To Hold Your Hand
The Beatles,1,Lady Madonna
The Beatles,1,Let It Be
The Beatles,1,Love Me Do
The Beatles,1,Paperback Writer
The Beatles,1,Penny Lane
The Beatles,1,She Loves You
The Beatles,1,The Ballad of John and Yoko
The Beatles,1,The Long And Winding Road
The Beatles,1,Ticket To Ride
The Beatles,1,We Can Work It Out
The Beatles,1,Yellow Submarine
The Beatles,1,Yesterday
The Beatles,Abbey Road,Because
The Beatles,Abbey Road,Carry That Weight
The Beatles,Abbey Road,Come Together
The Beatles,Abbey Road,End Her Majesty
The Beatles,Abbey Road,Golden Slumbers
The Beatles,Abbey Road,Here Comes The Sun
The Beatles,Abbey Road,I Want You (She's So Heavy)
The Beatles,Abbey Road,Maxwell's Silver Hammer
The Beatles,Abbey Road,Mean Mr Mustard
The Beatles,Abbey Road,Octopus's Garden
The Beatles,Abbey Road,Oh Darling
The Beatles,Abbey Road,Polythene Pam
The Beatles,Abbey Road,She Came In Through The Bathroom Window
The Beatles,Abbey Road,Something
The Beatles,Abbey Road,Sun King
The Beatles,Abbey Road,You Never Give Me Your Money
The Beatles,Sgt. Pepper's Lonely Hearts Club Band,Being For The Benefit Of Mr Kite
The Beatles,Sgt. Pepper's Lonely Hearts Club Band,Day In The Life
The Beatles,Sgt. Pepper's Lonely Hearts Club Band,Fixing A Hole
The Beatles,Sgt. Pepper's Lonely Hearts Club Band,Getting Better
The Beatles,Sgt. Pepper's Lonely Hearts Club Band,Good Morning Good Morning
The Beatles,Sgt. Pepper's Lonely Hearts Club Band,Lovely Rita
The Beatles,Sgt. Pepper's Lonely Hearts Club Band,Lucy In The Sky With Diamonds
The Beatles,Sgt. Pepper's Lonely Hearts Club Band,Sergeant Pepper's Lonely Hearts Club Band
The Beatles,Sgt. Pepper's Lonely Hearts Club Band,She's Leaving Home
The Beatles,Sgt. Pepper's Lonely Hearts Club Band,When I'm Sixty Four
The Beatles,Sgt. Pepper's Lonely Hearts Club Band,With A Little Help From My Friends
The Beatles,Sgt. Pepper's Lonely Hearts Club Band,Within You Without You
The Killers,Hot Fuss,All These Things That I've Done
The Killers,Hot Fuss,Andy You're A Star
The Killers,Hot Fuss,Believe Me Natalie
The Killers,Hot Fuss,Everything Will Be Alright
The Killers,Hot Fuss,Glamorous Indie Rock & Roll
The Killers,Hot Fuss,Jenny Was A Friend Of Mine
The Killers,Hot Fuss,Midnight Show
The Killers,Hot Fuss,Mr. Brightside
The Killers,Hot Fuss,On Top
The Killers,Hot Fuss,Smile Like You Mean It
The Killers,Hot Fuss,Somebody Told Me
The Killers,Sam's Town,Bling
The Killers,Sam's Town,Bones
The Killers,Sam's Town,Enterlude
The Killers,Sam's Town,Exitlude
The Killers,Sam's Town,For Reasons Unknown
The Killers,Sam's Town,My List
The Killers,Sam's Town,Read My Mind
The Killers,Sam's Town,Sam's Town
The Killers,Sam's Town,This River Is Wild
The Killers,Sam's Town,Uncle Jonny
The Killers,Sam's Town,When You Were Young
The Killers,Sam's Town,Where The White Boys Dance
The Killers,Sam's Town,Why Do I Keep Counting?
The Killers,Sawdust,All The Pretty Faces
The Killers,Sawdust,Change Your Mind
The Killers,Sawdust,Daddy's Eyes
The Killers,Sawdust,Leave The Bourbon On The Shelf
The Killers,Sawdust,Move Away
The Killers,Sawdust,Romeo And Juliet
The Killers,Sawdust,Ruby Don't Take Your Love To Town
The Killers,Sawdust,Shadowplay
The Killers,Sawdust,Show You How
The Killers,Sawdust,Sweet Talk
The Killers,Sawdust,The Ballad of Michael Valentine
The Killers,Sawdust,Tranquilize
The Killers,Sawdust,Under The Gun
The Killers,Sawdust,Who Let You Go?
The Prodigy,Experience,Charly
The Prodigy,Experience,Death Of The Prodigy Dancers
The Prodigy,Experience,Everybody In The Place (155 And Rising)
The Prodigy,Experience,Fire
The Prodigy,Experience,Hyperspeed
The Prodigy,Experience,Jericho
The Prodigy,Experience,Music Reach 1/2/3/4
The Prodigy,Experience,Out Of Space
The Prodigy,Experience,Ruff In The Jungle Bizness
The Prodigy,Experience,Weather Experience
The Prodigy,Experience,Wind It Up
The Prodigy,Experience,Your Love
The Prodigy,Music for the Jilted Generation,3 Kilos
The Prodigy,Music for the Jilted Generation,Break And Enter
The Prodigy,Music for the Jilted Generation,Claustrophobic Sting
The Prodigy,Music for the Jilted Generation,Full Throttle
The Prodigy,Music for the Jilted Generation,Heat (The Energy)
The Prodigy,Music for the Jilted Generation,Intro
The Prodigy,Music for the Jilted Generation,No Good (Start The Dance)
The Prodigy,Music for the Jilted Generation,One Love
The Prodigy,Music for the Jilted Generation,Poison
The Prodigy,Music for the Jilted Generation,Skylined
The Prodigy,Music for the Jilted Generation,Speedway
The Prodigy,Music for the Jilted Generation,Their Law
The Prodigy,Music for the Jilted Generation,Voodoo People
The Prodigy,The Fat of the Land,Breathe
The Prodigy,The Fat of the Land,Climbatize
The Prodigy,The Fat of the Land,Diesel Power
The Prodigy,The Fat of the Land,Firestarter
The Prodigy,The Fat of the Land,Fuel My Fire
The Prodigy,The Fat of the Land,Funky Shit
The Prodigy,The Fat of the Land,Mindfields
The Prodigy,The Fat of the Land,Naraya
The Prodigy,The Fat of the Land,Serial Thriller
The Prodigy,The Fat of the Land,Smack My Bitch Up
The Rolling Stones,Exile on Main Street,All Down The Line
The Rolling Stones,Exile on Main Street,Casino Boogie
The Rolling Stones,Exile on Main Street,Happy
The Rolling Stones,Exile on Main Street,I Just Want To See His Face
The Rolling Stones,Exile on Main Street,Let It Loose
The Rolling Stones,Exile on Main Street,Loving Cup
The Rolling Stones,Exile on Main Street,Rip This Joint
The Rolling Stones,Exile on Main Street,Rocks Off
The Rolling Stones,Exile on Main Street,Shake Your Hips
The Rolling Stones,Exile on Main Street,Shine A Light
The Rolling Stones,Exile on Main Street,Soul Survivor
The Rolling Stones,Exile on Main Street,Stop Breakin' Down
The Rolling Stones,Exile on Main Street,Sweet Black Angel
The Rolling Stones,Exile on Main Street,Sweet Virginia
The Rolling Stones,Exile on Main Street,Torn And Frayed
The Rolling Stones,Exile on Main Street,Tumbling Dice
The Rolling Stones,Exile on Main Street,Turd On The Run
The Rolling Stones,Exile on Main Street,Ventilator Blues
The Rolling Stones,Let It Bleed,Country Honk
The Rolling Stones,Let It Bleed,Gimme Shelter
The Rolling Stones,Let It Bleed,Let It Bleed
The Rolling Stones,Let It Bleed,Live With Me
The Rolling Stones,Let It Bleed,Love In Vain
The Rolling Stones,Let It Bleed,Midnight Rambler
The Rolling Stones,Let It Bleed,Monkey Man
The Rolling Stones,Let It Bleed,You Can't Always Get What You Want
The Rolling Stones,Let It Bleed,You Got The Silver
The Rolling Stones,Sticky Fingers,Bitch
The Rolling Stones,Sticky Fingers,Brown Sugar
The Rolling Stones,Sticky Fingers,Can't You Hear Me Knocking
The Rolling Stones,Sticky Fingers,Dead Flowers
The Rolling Stones,Sticky Fingers,I Got The Blues
The Rolling Stones,Sticky Fingers,Moonlight Mile
The Rolling Stones,Sticky Fingers,Sister Morphine
The Rolling Stones,Sticky Fingers,Sway
The Rolling Stones,Sticky Fingers,Wild Horses
The Rolling Stones,Sticky Fingers,You Gotta Move
The White Stripes,Elephant,Air Near My Fingers
The White Stripes,Elephant,Ball And Biscuit
The White Stripes,Elephant,Black Math
The White Stripes,Elephant,Girl You Have No Faith In Medicine
The White Stripes,Elephant,Hardest Button To Button
The White Stripes,Elephant,Hypnotise
The White Stripes,Elephant,I Just Don't Know What To Do With Myself
The White Stripes,Elephant,I Want To Be The Boy To Warm Your Mother's Heart
The White Stripes,Elephant,In The Cold Cold Night
The White Stripes,Elephant,Little Acorns
The White Stripes,Elephant,Seven Nation Army
The White Stripes,Elephant,There's No Home For You Here
The White Stripes,Elephant,Well It's True That We Love One Another
The White Stripes,Elephant,You've Got Her In Your Pocket
The White Stripes,White Blood Cells,Aluminum
The White Stripes,White Blood Cells,Dead Leaves And The Dirty Ground
The White Stripes,White Blood Cells,Expecting
The White Stripes,White Blood Cells,Fell In Love With A Girl
The White Stripes,White Blood Cells,Hotel Yorba
The White Stripes,White Blood Cells,I Can Learn
The White Stripes,White Blood Cells,I Can't Wait
The White Stripes,White Blood Cells,I Think I Smell A Rat
The White Stripes,White Blood Cells,I'm Finding It Harder To Be A Gentleman
The White Stripes,White Blood Cells,Little Room
The White Stripes,White Blood Cells,Now Mary
The White Stripes,White Blood Cells,Offend In Every Way
The White Stripes,White Blood Cells,The Same Boy You've Always Known
The White Stripes,White Blood Cells,The Union Forever
The White Stripes,White Blood Cells,This Protector
The White Stripes,White Blood Cells,We're Going To Be Friends
U2,Achtung Baby,Acrobat
U2,Achtung Baby,Even Better Than The Real Thing
U2,Achtung Baby,Love Is Blindness
U2,Achtung Baby,Mysterious Ways
U2,Achtung Baby,One
U2,Achtung Baby,So Cruel
U2,Achtung Baby,The Fly
U2,Achtung Baby,Tryin' To Throw Your Arms Around The World
U2,Achtung Baby,Ultra Violet (Light My Way)
U2,Achtung Baby,Until The End Of The World
U2,Achtung Baby,Who's Gonna Ride Your Wild Horses
U2,Achtung Baby,Zoo Station
U2,Boy,A Day Without Me
U2,Boy,An Cat Dubh
U2,Boy,Another Time Another Place
U2,Boy,I Will Follow
U2,Boy,Into The Heart
U2,Boy,Out Of Control
U2,Boy,Shadows And Tall Trees
U2,Boy,Stories For Boys
U2,Boy,The Ocean
U2,Boy,Twilight
U2,Joshua Tree,40
U2,Joshua Tree,Bad
U2,Joshua Tree,Bullet The Blue Sky
U2,Joshua Tree,Exit
U2,Joshua Tree,I Still Haven't Found What I'm Looking For
U2,Joshua Tree,I Will Follow
U2,Joshua Tree,In God's Country
U2,Joshua Tree,New Year's Day
U2,Joshua Tree,October
U2,Joshua Tree,Outside It's America
U2,Joshua Tree,Party Girl
U2,Joshua Tree,Pride (In The Name Of Love)
U2,Joshua Tree,Red Hill Mining Town
U2,Joshua Tree,Running To Stand Still
U2,Joshua Tree,Sunday Bloody Sunday
U2,Joshua Tree,The Electric Co.
U2,Joshua Tree,Trip Through Your Wires
U2,Joshua Tree,With Or Without You
U2,The Unforgettable Fire,A Sort Of Homecoming
U2,The Unforgettable Fire,Elvis Presley and America
U2,The Unforgettable Fire,Indian Summer Sky
U2,The Unforgettable Fire,MLK
U2,The Unforgettable Fire,Promenade
U2,The Unforgettable Fire,The Unforgettable Fire
U2,The Unforgettable Fire,Wire
